{"cameraMode":{"drawMode":0,"name":"Shaded","section":"Shading Mode"},"sceneLighting":false,"audioPlay":false,"sceneViewState":{"m_AlwaysRefresh":true,"showFog":true,"showSkybox":false,"showFlares":true,"showImageEffects":true,"showParticleSystems":true,"showVisualEffectGraphs":true,"m_FxEnabled":true},"in2DMode":false,"pivot":{"x":2.9880595207214357,"y":9.278568267822266,"z":-0.041213274002075198},"rotation":{"x":0.13112755119800569,"y":0.8674963116645813,"z":-0.31205764412879946,"w":0.36452504992485049},"size":1.8446632623672486,"orthographic":false}