{"cameraMode":{"drawMode":0,"name":"Shaded","section":"Shading Mode"},"sceneLighting":false,"audioPlay":false,"sceneViewState":{"m_AlwaysRefresh":true,"showFog":true,"showSkybox":false,"showFlares":true,"showImageEffects":true,"showParticleSystems":true,"showVisualEffectGraphs":true,"m_FxEnabled":true},"in2DMode":false,"pivot":{"x":0.000700831413269043,"y":8.943023681640625,"z":-2.9070634841918947},"rotation":{"x":0.13112755119800569,"y":0.8674963116645813,"z":-0.31205764412879946,"w":0.36452504992485049},"size":1.547710657119751,"orthographic":false}