{"cameraMode":{"drawMode":0,"name":"Shaded","section":"Shading Mode"},"sceneLighting":false,"audioPlay":false,"sceneViewState":{"m_AlwaysRefresh":true,"showFog":true,"showSkybox":false,"showFlares":true,"showImageEffects":true,"showParticleSystems":true,"showVisualEffectGraphs":true,"m_FxEnabled":true},"in2DMode":false,"pivot":{"x":-2.0096120834350588,"y":7.908034324645996,"z":-0.019488215446472169},"rotation":{"x":0.13112755119800569,"y":0.8674963116645813,"z":-0.31205764412879946,"w":0.36452504992485049},"size":0.5033553838729858,"orthographic":false}