{"cameraMode":{"drawMode":0,"name":"Shaded","section":"Shading Mode"},"sceneLighting":false,"audioPlay":false,"sceneViewState":{"m_AlwaysRefresh":false,"showFog":true,"showSkybox":false,"showFlares":true,"showImageEffects":true,"showParticleSystems":true,"showVisualEffectGraphs":true,"m_FxEnabled":true},"in2DMode":false,"pivot":{"x":2.973740577697754,"y":0.23670482635498048,"z":-0.24813097715377809},"rotation":{"x":0.19234690070152284,"y":-0.6491341590881348,"z":0.17463400959968568,"w":0.7149416208267212},"size":1.1031956672668458,"orthographic":false}