{"cameraMode":{"drawMode":0,"name":"Shaded","section":"Shading Mode"},"sceneLighting":false,"audioPlay":false,"sceneViewState":{"m_AlwaysRefresh":false,"showFog":true,"showSkybox":false,"showFlares":true,"showImageEffects":true,"showParticleSystems":true,"showVisualEffectGraphs":true,"m_FxEnabled":true},"in2DMode":false,"pivot":{"x":-0.005443215370178223,"y":0.005962848663330078,"z":-3.047205924987793},"rotation":{"x":0.05835530906915665,"y":-0.830271303653717,"z":0.08863011747598648,"w":0.5472689867019653},"size":1.2412326335906983,"orthographic":false}