{"cameraMode":{"drawMode":0,"name":"Shaded","section":"Shading Mode"},"sceneLighting":false,"audioPlay":false,"sceneViewState":{"m_AlwaysRefresh":false,"showFog":true,"showSkybox":false,"showFlares":true,"showImageEffects":true,"showParticleSystems":true,"showVisualEffectGraphs":true,"m_FxEnabled":true},"in2DMode":false,"pivot":{"x":-0.000012874603271484375,"y":0.1508685052394867,"z":-0.000012874603271484375},"rotation":{"x":-0.1651628166437149,"y":0.4793953001499176,"z":-0.092254638671875,"w":-0.8570770025253296},"size":6.207931041717529,"orthographic":false}