{"cameraMode":{"drawMode":0,"name":"Shaded","section":"Shading Mode"},"sceneLighting":false,"audioPlay":false,"sceneViewState":{"m_AlwaysRefresh":false,"showFog":true,"showSkybox":false,"showFlares":true,"showImageEffects":true,"showParticleSystems":true,"showVisualEffectGraphs":true,"m_FxEnabled":true},"in2DMode":false,"pivot":{"x":-0.10711890459060669,"y":7.855668067932129,"z":-0.01751101016998291},"rotation":{"x":0.05835530906915665,"y":-0.830271303653717,"z":0.08863011747598648,"w":0.5472689867019653},"size":0.8425403237342835,"orthographic":false}