{"cameraMode":{"drawMode":0,"name":"Shaded","section":"Shading Mode"},"sceneLighting":true,"audioPlay":false,"sceneViewState":{"m_AlwaysRefresh":true,"showFog":true,"showSkybox":true,"showFlares":true,"showImageEffects":true,"showParticleSystems":true,"showVisualEffectGraphs":true,"m_FxEnabled":true},"in2DMode":false,"pivot":{"x":38.970001220703128,"y":351.45001220703127,"z":-140.41000366210938},"rotation":{"x":0.13112755119800569,"y":0.8674963116645813,"z":-0.31205764412879946,"w":0.36452504992485049},"size":5.394583702087402,"orthographic":false}