{"cameraMode":{"drawMode":0,"name":"Shaded","section":"Shading Mode"},"sceneLighting":true,"audioPlay":false,"sceneViewState":{"m_AlwaysRefresh":true,"showFog":true,"showSkybox":true,"showFlares":true,"showImageEffects":true,"showParticleSystems":true,"showVisualEffectGraphs":true,"m_FxEnabled":true},"in2DMode":false,"pivot":{"x":1.0431642532348633,"y":18.253999710083009,"z":5.031838417053223},"rotation":{"x":0.004671754315495491,"y":-0.9479073286056519,"z":-0.013927417807281018,"w":-0.31822726130485537},"size":19.830360412597658,"orthographic":false}