{"cameraMode":{"drawMode":0,"name":"Shaded","section":"Shading Mode"},"sceneLighting":false,"audioPlay":false,"sceneViewState":{"m_AlwaysRefresh":false,"showFog":true,"showSkybox":true,"showFlares":true,"showImageEffects":true,"showParticleSystems":true,"showVisualEffectGraphs":true,"m_FxEnabled":true},"in2DMode":false,"pivot":{"x":-46.87477493286133,"y":358.26727294921877,"z":-84.79207611083985},"rotation":{"x":0.011906837113201619,"y":-0.1241697371006012,"z":0.0014901082031428815,"w":0.9921888113021851},"size":9.637810707092286,"orthographic":false}