{"cameraMode":{"drawMode":0,"name":"Shaded","section":"Shading Mode"},"sceneLighting":true,"audioPlay":false,"sceneViewState":{"m_AlwaysRefresh":true,"showFog":true,"showSkybox":true,"showFlares":true,"showImageEffects":true,"showParticleSystems":true,"showVisualEffectGraphs":true,"m_FxEnabled":true},"in2DMode":false,"pivot":{"x":38.2821159362793,"y":352.19384765625,"z":-138.03518676757813},"rotation":{"x":-0.00008715289004612714,"y":-0.9598338007926941,"z":0.0002972108777612448,"w":-0.2805750370025635},"size":5.394583702087402,"orthographic":false}