{"cameraMode":{"drawMode":0,"name":"Shaded","section":"Shading Mode"},"sceneLighting":true,"audioPlay":false,"sceneViewState":{"m_AlwaysRefresh":false,"showFog":true,"showSkybox":true,"showFlares":true,"showImageEffects":true,"showParticleSystems":true,"showVisualEffectGraphs":true,"m_FxEnabled":true},"in2DMode":false,"pivot":{"x":-16.929340362548829,"y":1.002144455909729,"z":-7.320446491241455},"rotation":{"x":0.05663931742310524,"y":-0.5852823853492737,"z":0.041036736220121387,"w":0.8078101873397827},"size":0.8660253882408142,"orthographic":false}