{"cameraMode":{"drawMode":0,"name":"Shaded","section":"Shading Mode"},"sceneLighting":true,"audioPlay":false,"sceneViewState":{"m_AlwaysRefresh":false,"showFog":true,"showSkybox":true,"showFlares":true,"showImageEffects":true,"showParticleSystems":true,"showVisualEffectGraphs":true,"m_FxEnabled":true},"in2DMode":false,"pivot":{"x":-2.460639476776123,"y":-1.0773553848266602,"z":22.033071517944337},"rotation":{"x":0.23278184235095979,"y":-0.08304156363010407,"z":0.019944142550230027,"w":0.968791663646698},"size":12.12435531616211,"orthographic":false}