{"cameraMode":{"drawMode":0,"name":"Shaded","section":"Shading Mode"},"sceneLighting":true,"audioPlay":false,"sceneViewState":{"m_AlwaysRefresh":false,"showFog":true,"showSkybox":true,"showFlares":true,"showImageEffects":true,"showParticleSystems":true,"showVisualEffectGraphs":true,"m_FxEnabled":true},"in2DMode":false,"pivot":{"x":-54.567874908447269,"y":9.380495071411133,"z":76.20255279541016},"rotation":{"x":0.1320073902606964,"y":0.8286349177360535,"z":-0.21982231736183167,"w":0.49761098623275759},"size":2.3552017211914064,"orthographic":false}