{"cameraMode":{"drawMode":0,"name":"Shaded","section":"Shading Mode"},"sceneLighting":true,"audioPlay":false,"sceneViewState":{"m_AlwaysRefresh":false,"showFog":true,"showSkybox":true,"showFlares":true,"showImageEffects":true,"showParticleSystems":true,"showVisualEffectGraphs":true,"m_FxEnabled":true},"in2DMode":false,"pivot":{"x":-4.314544200897217,"y":8.049151420593262,"z":5.861927032470703},"rotation":{"x":-0.00013921334175392985,"y":0.8932833075523377,"z":-0.00027659317129291594,"w":-0.449494332075119},"size":2.0712151527404787,"orthographic":false}