{"cameraMode":{"drawMode":0,"name":"Shaded","section":"Shading Mode"},"sceneLighting":true,"audioPlay":false,"sceneViewState":{"m_AlwaysRefresh":false,"showFog":true,"showSkybox":true,"showFlares":true,"showImageEffects":true,"showParticleSystems":true,"showVisualEffectGraphs":true,"m_FxEnabled":true},"in2DMode":false,"pivot":{"x":-0.6988847851753235,"y":10.173137664794922,"z":7.880682945251465},"rotation":{"x":-0.026331450790166856,"y":0.9190257787704468,"z":-0.3883516788482666,"w":-0.062312182039022449},"size":3.7464818954467775,"orthographic":false}