{"cameraMode":{"drawMode":0,"name":"Shaded","section":"Shading Mode"},"sceneLighting":false,"audioPlay":false,"sceneViewState":{"m_AlwaysRefresh":false,"showFog":true,"showSkybox":false,"showFlares":true,"showImageEffects":true,"showParticleSystems":true,"showVisualEffectGraphs":true,"m_FxEnabled":true},"in2DMode":false,"pivot":{"x":0.059659942984580997,"y":7.8357648849487309,"z":-2.014941692352295},"rotation":{"x":0.05835530906915665,"y":-0.830271303653717,"z":0.08863011747598648,"w":0.5472689867019653},"size":0.7112671136856079,"orthographic":false}