{"cameraMode":{"drawMode":0,"name":"Shaded","section":"Shading Mode"},"sceneLighting":false,"audioPlay":false,"sceneViewState":{"m_AlwaysRefresh":false,"showFog":true,"showSkybox":false,"showFlares":true,"showImageEffects":true,"showParticleSystems":true,"showVisualEffectGraphs":true,"m_FxEnabled":true},"in2DMode":false,"pivot":{"x":-0.048798203468322757,"y":-0.0820273756980896,"z":2.9841346740722658},"rotation":{"x":0.05835530906915665,"y":-0.830271303653717,"z":0.08863011747598648,"w":0.5472689867019653},"size":1.4259495735168458,"orthographic":false}