{"cameraMode":{"drawMode":0,"name":"Shaded","section":"Shading Mode"},"sceneLighting":false,"audioPlay":false,"sceneViewState":{"m_AlwaysRefresh":false,"showFog":true,"showSkybox":false,"showFlares":true,"showImageEffects":true,"showParticleSystems":true,"showVisualEffectGraphs":true,"m_FxEnabled":true},"in2DMode":false,"pivot":{"x":2.6967506408691408,"y":0.023099899291992189,"z":0.0025664567947387697},"rotation":{"x":0.05835530906915665,"y":-0.830271303653717,"z":0.08863011747598648,"w":0.5472689867019653},"size":1.1031956672668458,"orthographic":false}